file,actual,predicted,benign_probability,malicious_probability,correct
C:\Users\Vivekananda\Desktop\NIDS_GNN\data\demo_data\malicious\malicious_061.bin,malicious,malicious,0.000000,1.000000,1
C:\Users\Vivekananda\Desktop\NIDS_GNN\data\demo_data\malicious\malicious_076.bin,malicious,malicious,0.000000,1.000000,1
C:\Users\Vivekananda\Desktop\NIDS_GNN\data\demo_data\malicious\malicious_063.bin,malicious,malicious,0.000000,1.000000,1
C:\Users\Vivekananda\Desktop\NIDS_GNN\data\demo_data\malicious\malicious_067.bin,malicious,malicious,0.000000,1.000000,1
C:\Users\Vivekananda\Desktop\NIDS_GNN\data\demo_data\benign\benign_014.bin,benign,benign,1.000000,0.000000,1
C:\Users\Vivekananda\Desktop\NIDS_GNN\data\demo_data\benign\benign_049.bin,benign,benign,1.000000,0.000000,1
C:\Users\Vivekananda\Desktop\NIDS_GNN\data\demo_data\benign\benign_007.bin,benign,benign,1.000000,0.000000,1
C:\Users\Vivekananda\Desktop\NIDS_GNN\data\demo_data\benign\benign_022.bin,benign,benign,1.000000,0.000000,1
C:\Users\Vivekananda\Desktop\NIDS_GNN\data\demo_data\benign\benign_028.bin,benign,benign,1.000000,0.000000,1
C:\Users\Vivekananda\Desktop\NIDS_GNN\data\demo_data\malicious\malicious_109.bin,malicious,malicious,0.000000,1.000000,1
C:\Users\Vivekananda\Desktop\NIDS_GNN\data\demo_data\malicious\malicious_103.bin,malicious,malicious,0.000000,1.000000,1
C:\Users\Vivekananda\Desktop\NIDS_GNN\data\demo_data\malicious\malicious_066.bin,malicious,malicious,0.000000,1.000000,1
C:\Users\Vivekananda\Desktop\NIDS_GNN\data\demo_data\benign\benign_059.bin,benign,benign,1.000000,0.000000,1
C:\Users\Vivekananda\Desktop\NIDS_GNN\data\demo_data\benign\benign_042.bin,benign,benign,1.000000,0.000000,1
C:\Users\Vivekananda\Desktop\NIDS_GNN\data\demo_data\malicious\malicious_094.bin,malicious,malicious,0.000000,1.000000,1
C:\Users\Vivekananda\Desktop\NIDS_GNN\data\demo_data\malicious\malicious_099.bin,malicious,malicious,0.000000,1.000000,1
C:\Users\Vivekananda\Desktop\NIDS_GNN\data\demo_data\malicious\malicious_095.bin,malicious,malicious,0.000000,1.000000,1
C:\Users\Vivekananda\Desktop\NIDS_GNN\data\demo_data\benign\benign_051.bin,benign,benign,1.000000,0.000000,1
C:\Users\Vivekananda\Desktop\NIDS_GNN\data\demo_data\benign\benign_018.bin,benign,benign,1.000000,0.000000,1
C:\Users\Vivekananda\Desktop\NIDS_GNN\data\demo_data\benign\benign_020.bin,benign,benign,1.000000,0.000000,1
C:\Users\Vivekananda\Desktop\NIDS_GNN\data\demo_data\benign\benign_038.bin,benign,benign,1.000000,0.000000,1
C:\Users\Vivekananda\Desktop\NIDS_GNN\data\demo_data\malicious\malicious_106.bin,malicious,malicious,0.000000,1.000000,1
C:\Users\Vivekananda\Desktop\NIDS_GNN\data\demo_data\benign\benign_010.bin,benign,benign,1.000000,0.000000,1
C:\Users\Vivekananda\Desktop\NIDS_GNN\data\demo_data\malicious\malicious_073.bin,malicious,malicious,0.000000,1.000000,1
